Image URL,Credit,Caption,Alt text
communication is for everyone sparrow.png,Rory,communication is for everyone,"left to right, 2 chat bubble with scribble text, a green camouflage case with rainbow buttons Tablet AAC, a phone AAC with black phone case and rainbow scattered buttons, communication cards pink, green, and blue with scribble text, a communication book with rainbow scattered box icons, 6 people with clothing, 1 with a cane and one in a wheelchair"
/Self-Advocacy/ableist.png,M,ableist,"person in a self-propelled manual chair, stopped by stairs. on top of the stairs is a person without any mobility aids, in a confident pose with their hands on their hips.the person without the mobility aids is benefiting from the barrier that is preventing the wheelchair user from reaching their position. a red arrow points at the person without mobility aids, on the top of the stairs. the arrow is inside the stairs, and is also pointing at the stairs themselves. this way, the picture can mean both “ableist” as a description, and “ableist” as a person who enforces and uses ableism."
aac is not ipad kids petri.png,Petri,AAC is not iPad kids,"A drawing of a blue AAC tablet and a swaddled baby, with a 'not equal' sign between them. In front of the baby is a silver iPad, and there is a speech bubble with scribbles in it coming from the AAC tablet."
Need my cane Fractals.png,Fractals,Need my cane,A grey offset handle cane with a red exclamation mark next to it.
addiction is a disability.png,M,addiction is a disability,"a simple yellow head puts a green circle in their mouth, and above them are thought bubbles with green circles in them. this represents addiction. an arrow points from the thought bubbles to a disability symbol (the disability sun symbol, in disability pride flag pattern), and above the arrow is an equals sign"
antisocial people aren't monsters ot.png,Ottertime,antisocial people aren't monsters,"on the left corner is a dark grey person with a purple inverted scale on their chest. On the right corner is a black furry creature with horns, claws, and three eyes. Between the two is a gray arrow pointing to the creature and on that arrow is a red X"
Don’t touch my cane 1 Fractals.png,Fractals,Don’t touch my cane (Variation 1),A grey offset handle cane with a yellow hand touching the cane. A red x is over where the hand touches the cane.
autism doesn't make people fascist m.png,M,autism doesn't make people fascist,"a gold infinity symbol above a fasces. in between them, a dull green arrow points from the infinity to the fasces, but is crossed out by a red 'not permitted' sign which is beside and partly on top of it."
aspergers is outdated m.png,M,Asperger's is outdated,"A black-and-white bust of Hans Asperger. Behind and to the top left of him is an hourglass with a big red X behind it. from it point two grey arrows; the first comes from the left side of the hourglass and points to the left, the second comes from the top of the hourglass and curves down to the left."
Don’t touch my cane 2 Fractals.png,Fractals,Don’t touch my cane (Variation 2),A grey offset handle cane with a yellow hand touching the cane. A red x is next to the cane.
autism is not a bad word crows.png,Crows,autism is not a bad word,"the gold infinity symbol above a ‘does not equal sign’ above a red spiky speech balloon with a dollar sign ($), exclamation point (!), number sign (#), and an asterisk (*) in it."
autism not aspergers.png,M,autism not Asperger's,A green curved arrow pointing from a gold infinityy symbol to black and white drawing of  Hans Asperger with a red x net to it.
"My AAC is not a device, it is my voice Fractals.png",Fractals,"My AAC is not a device, it is my voice",A drawing of a tablet with an AAC app open on it. Under and to the left is a not equals sign and a phone open to a phone call and a tablet open to the lock screen. To the right is an equals sign and a speech bubble with garbled text inside.
autism is not a disease crows.png,Crows,autism is not a disease,a gold infinity symbol and a simplified person who looks sick with a red ‘not equal’ sign between them
autistic isn't an insult fractals.png,Fractals,autistic isn't an insult,"A drawing of a gold infinity symbol and a speech bubble with a does not equal symbol between them. Inside the speech bubble is a hashtag, and exclamation mark, a lighting bolt and a spiral, all in red."
"My AAC is not for games, it is my voice Fractals.png",Fractals,"My AAC is not for games, it is my voice",A drawing of a tablet with an AAC app open on it. Under and to the left is a not equals sign and a grey game controller. To the right is an equals sign and a speech bubble with garbled text inside.
autism is not a super power ottertime.png,Ottertime,autism is not super power,"on the left is a red infinity sign. on the right is a yellow person wearing a blue superhero costume and a red cape, with stars coming out of their hand. Between the two is a gray equal sign, crossed over with a red diagonal dash."
/Self-Advocacy/by us for us.png,M,"by us, for us","a yellow heart in a red circle. from the left and right of the circle comes an identical arrow in shades of blue, starting from the bottom of the circle and pointing to the top of it."
able-bodied people aren't better than disabled people.png,Esrah,able-bodied people aren't better than disabled people,A red blob on a lower pedestal and a purple blob on a higher pedestal. The red blob uses a wheelchair and is outlined in bronze. The purple blob does not use a wheelchair and is outlined in yellow with sparkles around it. the whole drawing is crossed out
being autistic is not fun leo.png,Vincent,being autistic is not fun,"the autistic symbol is on the left, a red crossed out equal sign is in the middle and a grey person with ears is on the right looking happy"
disabled people don't have marriage equality m.png,M,disabled people don't have marriage equality,"a blue active wheelchair figure, with a crossed-out orange arrow pointing from them to two overlapping golden rings that have a rainbow-gradient equals sign below them."
ableism m.png,M,ableism,"person in a self-propelled manual chair, stopped by stairs. on top of the stairs is a person without any mobility aids, in a confident pose with their hands on their hips. the person without the mobility aids is benefiting from the barrier that is preventing the wheelchair user from reaching their position."
caffeine addiction is not a joke chrome.png,cytochrome-sea,caffeine addiction is not a joke,a person looking annoyed and a caffeine molecule with green lightning bolts coming off it
depressed not lazy meowing.png,meowing-emojis,depressed not lazy,"two yellow arrows pointing at a person. The left arrow is connected to an annoyed person lying down, with a red X through the arrow. The right arrow is connected to a blue semicolon"
autism and adhd are not on the same spectrum crows.png,Crows,autism and adhd are not on the same spectrum,"A double-ended arrow of the light spectrum, there’s two arrows pointing from a gold infinity symbol and orange adhd butterfly symbol to the arrow. Above them is a red X"
conspiracy theory not equal schizophrenia.png,Lady,conspiracy theory does not equal schizophrenia,"a drawing of a green triangle with an eye inside is on the top left, in the center is an equal sign with a red X over it, and in the bottom right corner is the symbol for psychosis, a double ended arrow with a symmetrical squiggle."
don't babytalk my service dog.png,Ottertime,don't babytalk my service dog,a yellow person crounching down and looking at a brown service dog wearing a vest which has a green medical cross on it aswell as a red collar.  The person has a speech bubble coming out of them that has a pink heart next to a yellow baby wrapped in a blue blanket. The dog looks uncomfortable. On top of the speech bubble on the left corner is a red X
autism is not adhd leo.png,Vincent,autism is not adhd / autism is not the same as adhd,a picture of an yellow infinity symbol on the right. a red crossed out equal mark is in the middle. a picture of a rainbow butterflyis on the right
disabilities are not superpowers ottertime.png,Ottertime,disabilities are not super powers,"on the left is the disability sun with the colors of the disability flag on it. on the right is a yellow person wearing a blue superhero costume and a red cape, with stars coming out of their hand. Between the two is a gray equal sign, crossed over with a red diagonal dash"
don't call me neurospicy tonto.png,Tonto,don't call me neurospicy,"a speech bubble with a brain & 2 chillies next to it , over the speech bubbe there is a red cross ."
Autism is not an accessory you can bring or leave behind.png,Esrah,Autism is not an accessory you can bring or leave behind,A tan suitcase with a red infinity symbol on it. Behind is a red X
disabilities don't make people evil m.png,M (adapted from StellarSymbols),disabilities don't make people evil,"the disability sun symbol, patterned with the disability pride flag, with two red horns, and a big black and white 'x' over it."
don't call me neurospicy m.png,M,don't call me neurospicy,"a stylised neurodiversity symbol (a rainbow infinity sign) over a red chili. they are in a crossed-out circle, like a 'not permitted' sign, with a white background."
being nonverbal is a long term state esrah.png,Esrah,being nonverbal is a long term state,a speech bubble crossed out with a grey X. Beside it is a clock circled by a green arrow.
disabled people don't exist to be inspirational.png,Esrah,disabled people don't exist to be inspirational,A red blob on a higher pedestal and a purple blob on a lower pedestal. The red blob uses a wheelchair and is outlined in yellow with sparkles. The purple blob does not use a wheelchair and is outlined in bronze
don't light it up blue ottertime.png,Ottertime,don't light it up blue,a blue lightbulb with a dark blue puzzle piece inside. There is a red X over the lightbulb
being semiverbal is a long term state.png,Esrah,being semiverbal is a long term state,a speech bubble crossed out with a grey dashed line. Beside it is a clock circled by a green arrow.
disabled people need plastic straws tonto.png,Tonto,disabled people need straws / plastic straws,"the disabled sun sign ; it has 2 grey hands emerging from it , they are trying to grab a yellow straw ."
don't make eye contact with my service dog.png,Ottertime,don't make eyecontact with my service dog,"a yellow person crounching down and looking at a brown service dog wearing a vest which has a green medical cross on it aswell as a red collar. The person is trying to make eye contact with the dog, as seen by the dashes leading from the person's eye to the dog's eye. The dog looks uncomfortable. On top of that dashed line is a red X"
communication is a human right ottertime.png,Ottertime,communication is a human right,"on the top left cornor is an AAC tablet, some communication cards, and a yellow person talking. The AAC tablet has a speech bubble showing a red square and green triangle, the communication cards have a blue circle and red square, and the person has a speech bubble showing a green triangle and blue circle. On the bottom right corner is the human rights symbol, which is a blue hand. Connecting both corners are green-teal arrows pointing towards the blue hand."
do not touch my cane esrah.png,Esrah,do not touch my cane,"a yellow hand reaching for the handle of a decorated cane. The hand is crossed out by a red line. The cane has a derby handle, and has cutesy stickers and keychains on it."
don't say acoustic chrome.png,cytochrome-sea,don't say acoustic,a blue dog glaring at the camera next to an acoustic guitar and a red x
depression does not equal sadness petri.png,Petri,depression does not equal sadness,"two faces with a light blue unequal sign between them. the first face looks tired, with a flat face and eyebags, and three dark blue clouds above them. the second face has closed eyes, is frowning, and has tears running down their face."
don't call my voice robotic leo.png,Vincent,don't call my voice robotic,a person speaking is on the left. In the middle is a red crossed out equal sign. On the right is a robot speaking.
don't touch my aac.png,Gleepglorpian,don't touch my AAC,"AAC on a tablet, phone, or small book or board. over it, red text says 'Dont Touch'."
depression does not equal sadness petri 2.png,Petri,depression does not equal sadness,"two faces with a dark blue unequal sign between them. the first face looks tired, with a flat face and eyebags, and three dark blue clouds above them. the second face has closed eyes, is frowning, and has tears running down their face."
don't call my voice robotic tonto.png,Tonto,don't call my voice robotic,a drawing of an AAC tablet with a speech bubble above it. Next to the AAC tablet is a cartoony robot head. A green arrow with a red “X” through it goes from the speech bubble and points down at the robot.
don't touch my aac device ee 2.png,Eldritch-Emojis,don't touch my AAC device,"a styleized drawing of a yellow person holding a blue aac device, in the top right corner a hand is  reaching to touch the device, a large red X is above the hand. the outlines are colored in darker versions of the base colors."
don't touch me or my aac.png,Blackholemojis,don't touch me or my AAC,Two hands reach towards a person holding a purple tablet AAC device. There are red X’s above each hand.
dont tell me to put my AAC away vixy.png,Vixen,dont tell me to put my AAC away,"A frustrated yellow person holding their blue aac device close to them. Coming offscreen is a speech bubble. Inside that bubble is a blue aac device over a brown box, and a purple arrow pointing from the AAC to the box. On top of the speech bubble is a red X."
Do not treat me differently because of my disability 2.png,Neon & M,do not treat me differently because of my disability,"two people in an unbalanced, unequal, pair of scales. On the left is a person with the disability sun symbol. On the right is a person without the disability sun symbol who is higher up. Around the image is a red circle with a line through it, which is a standard sign that means something must not happen"
Do not treat me differently because of my disability 1.png,Neon & M,do not treat me differently because of my disability,"two people in an unbalanced, unequal, pair of scales. On the left is a person colored with the disability pride flag. On the right is a person without the disability pride flag who is higher up. Around the image is a red circle with a line through it, which is a standard sign that means something must not happen"
don't touch my aac device ee 1.png,Eldritch-Emojis,don't touch my AAC device,"a styleized drawing of a yellow person holding a blue aac device, in the top right corner a hand is  reaching to touch the device, a large red X is above the hand. the outlines are colored in black."
everyone can stim tonto.png,Tonto,everyone can stim,"two yellow hands stimming by flapping their wrists inside a green circle , with several people’s heads around it . The people are very diverse , to represent “everyone” ."
don't pet my service dog ot.png,Ottertime,don't pet my service dog,a visibly uncomfortable brown dog wearing a red collar and a red service dog vest. it is being patted on the head by a gray paw. Over the gray paw is a red X
dont touch cane.png,Gleepglorpian,don't touch my cane,"a black walking cane with a kandi bracelet dangling from below the handle. over it, red text says 'Dont Touch'."
i am not a robot leo.png,Vincent,I am not a robot,a person is on the left. In the middle is a red crossed out equal sign. On the right is a robot.
don't treat me differently because i have schizophrenia.png,M,don't treat me differently because I'm shizophrenic,"two people in an unbalanced, unequal, pair of scales. On the left is a person with a green brain who is lower down. On the right is a person with a purple brain who is lower up. They are “standard emoji yellow”. Around the image is a red circle with a line through it, which is a standard sigh that means something must not happen."
empathy is not morality.png,M,empathy is not morality,"black lines with white shadow/cutout backgroup. two beating pink hearts connected, above a 'does not equal' sign, above a balanced pair of golden scales."
i'm not disabled because i'm fat leo.png,Vincent,I'm not disabled because I'm fat,a grey person who is bigger than average is on the left. a red equal sign with a line through it is in the middle. the disability symbol is on the right
don't touch my wheelchair ot.png,Ottertime,don't touch my wheelchair,a yellow person in a gray wheelchair looking uncomfortable. On the handle is the arm of a white person  touching the wheelchairs handle. Over the white person's hand is a red X
everyone deserves to communicate chrome.png,Chrome,everyone deserves to communicate,a red arrow points from a blue shield with a yellow star to a pink aac tablet. there are three figures with different skin tones nearby
i need my aac tonto.png,Tonto,I need my AAC,"a symbol of an emoji-yellow person holding an aac, there is a green arrow pointing at their aac, & two orange exclamation marks above the arrow ."
dont touch self propelled wheelchair.png,Gleepglorpian,don't touch my wheelchair,"a self-propelled manual wheelchair. over it, red text says 'Dont Touch'."
everyone is not on the spectrum.png,Vixen,everyone is not on the spectrum,"a yellow figure is on the left laughing, it has a speech bubble on the right with the text “everyone’s a little autistic ” on top of the whole image is a red line to show “not” or “no”"
i will not endanger myself to prove my disability 1.png,Esrah,I will not endanger myself to prove my disability,"a yellow person wearing a disability flag shirt, pointing sternly at the disability sun symbol with the disability flag overlaid, teetering on the top of a yellow caution sign. The person’s speech bubble above them has a red X."
dont touch crutches.png,Gleepglorpian,don't touch my crutches,"a pair of walking crutches. over them, red text says 'Dont Touch'."
go green for cerebal palsey vixen 2.png,Vixen,go green for cerebal palsy,"a green butterfly incorporating an awareness ribbon in its design, with the text Go Green For CP arched above and below the butterfly in green."
i will not endanger myself to prove my disability 2.png,Esrah,I will not endanger myself to prove my disability,"a person wearing a disability flag shirt, pointing sternly to a disability sun symbol with the disability flag overlaid, teetering on the top of a yellow caution sign. The speech bubble above them has a red X. The person has light brown skin, earrings, half shaved blue hair, and a nasal cannula"
don't touch my glasses ottertime.png,OtterTime,don't touch my glasses,a grey and blue paw touching a pair of grey glasses. Over that is a red circle with a line through it
i can't unmask fever.png,Bear,I can't unmask,"a yellow-orange person with a red nose and an upset expression, they are holding a bright yellow smiling mask. a blue arrow with a red x over it is coming from the person and pointing at the mask"
not a burden.png,M,I am not a burden,"a green figure with an arrow pointing to them, two red 'x's, and a blue figure strugglng to carry a heavy red weight."
don't use delusional as an insult.png,Esrah,don't use delusional as an insult,A person with a snarky expression pointing. They have a speech bubble with a multicolored blob to represent delusions. A crossed out red circle points to this action.
i cant breathe through my nose Petri.png,Petri,I can't breathe through my nose,"a drawing of a large yellow nose. two brown arrows underneath the nostrils point towards the nostrils, and two light brown ones point away, symbolizing breathing. there is a red X next to the nose."
i need my disability aids neon.png,Neon,I need my disability aids,"A blue hand with the palm facing up, above it is two bubbles, one large, one small, and a red exclamation point. In the large bubble is a symbol of a person in a wheelchair, in the smaller bubble is an aac tablet and communicating cards, above both those there is a disability sun symbol."
go green for cerebal palsey vixen 1.png,Vixen,go green for cerebal palsy,"a green butterfly incorporating an awareness ribbon in its design, with the text Go Green For Cerebral Palsy arched above and below the butterfly in green."
i deserve to live in the community dtcd.png,dtcd,I deserve to live in the community,"two people, one using a wheelchair and one standing, in front of three buildings: a house, an apartment building, and a store."
I need to keep my backpack with me because of my disability 1.png,Plum,I need to keep my backpack with me because of my disability,A drawing of a blue and teal backpack and a spiky speech bubble containing a red exclamation point and the disability/handicap symbol consisting of a blue pictogram of a wheelchair user.
hand over hand.png,M,hand over hand,"a hand with a lighter hand over it, with a curved green arrow indicating from the higher hand to the lower one."
i deserve to communicate chrome.png,Chrome,I deserve to communicate,a red arrow points from a blue shield with a yellow star to a pink AAC tablet
I need to keep my backpack with me because of my disability 4.png,Plum,I need to keep my backpack with me because of my disability,"A drawing of a grey backpack and a spiky speech bubble containing a ref exclamation point and the disabled sun symbol. The disabled sun symbol is a large ring with a small dot inside, and it has been colored to match the disability pride flag with diagonal red, yellow, white, blue, and green stripes over a dark grey field."
i am deaf chrome.png,cytochrome-sea,I am D/deaf,image of a red arrow pointing from a crossed out ear to a blue dog
I communicate in autistic ways and can’t change that fractals 1.png,Fractals,I communicate in autistic ways and can’t change that,"a drawing of 4 modes of communication with a gold infinity symbol over them and in the bottom right two arrows forming a circle with a red x in the middle . In the top left corner is a speech bubble with gibberish text, in the top right is two purple hands signing something nonspecific, in the bottom left is a paper and pen with gibberish text and in the bottom right is an AAC device with buttons in yellow, purple and greys"
i won't perform my disability in order to be believed esrah 1.png,Esrah,I won’t perform my disability in order to be believed,"a stage with red and yellow curtains framing a blue square with an active wheelchair user symbol. A person looks at the stage, and a thought bubble coming off them has a green checkmark inside it. Below all this is a large red X."
i am not deaf chrome.png,cytochrome-sea,I am not D/deaf,image of a red arrow pointing from a crossed out ear to a blue dog with a red x next to it
I communicate in autistic ways and can’t change that fractals 2.png,Fractals,I communicate in autistic ways and can’t change that,"a drawing of 3 modes of communication with a gold infinity symbol over them and in the bottom right two arrows forming a circle with a red x in the middle . In the top left corner is a speech bubble with gibberish text, in the top right is two purple hands signing something nonspecific, and in the bottom left is a paper and pen with gibberish text"
i won't perform my disability in order to be believed esrah 2.png,Esrah,I won’t perform my disability in order to be believed,"a stage with red and yellow curtains framing a square with the disability flag on it. A person looks at the stage, and a thought bubble coming off them has a green checkmark inside it. Below all this is a large red X."
i cant breathe through my nose 2 Petri.png,Petri,I can't breathe through my nose,"a drawing of a large yellow nose. two black arrows underneath the nostrils point towards the nostrils, and two point away, symbolizing breathing. there is a black X next to the nose."
dislike eye contact 2.png,K9,I don't like eye contact,"an uncomfortable white figure, a crossed out seeing eye to the side of them. they are looking towards it anxiously."
liking something is not addiction legless rat.png,Legless Rat,Liking Something Isn't Addiction,"a black outined yellow hand doing thumbs up surrounded by a white circle with black dotted lines, to the left of a black does not equal sign, above a yellow person putting a green ball in their mouth to the right of 4 thought bubbles of said green ball"
dislike eye contact 1.png,K9,I don't like eye contact,"an uncomfortable emoji yellow figure, a crossed out seeing eye to the side of them. they are looking towards it anxiously."
i'm not lazy i'm disabled ottertime.png,Ottertime,"I'm not lazy, I'm disabled","on the bottom left corner is an annoyed white person with ear defenders and forearm crutches, aswell as the disability sun on their chest. On the top right corner is a white person sleeping on a dark teal sofa. Between the two is a gray arrow pointing to the top right corner, and on that arrow is a red X"
Memory Issues Arent Gaslighting Esrah.png,Esrah,memory issues are not gaslighting,"a lit lightbulb in a thought bubble that has holes and gaps in it, followed by a red does not equal sign. Below these are another lit lightbulb, and a speech bubble with an unlit lightbulb in it"
im not crazy i have ppd vixen.png,Vixen,"I'm not crazy, I have PPD","a dizzy-faced emoji with spiral eyes and its tongue sticking out, circled and crossed out with a red line, a green arrow pointing from the crossed-out emoji to a cute, yellow anthropomorphic creature with fluffy ears and a happy expression. The creature is holding a pink heart with the symbol of a rainbow person inside with a spiral face and eyes looking at them around them."
im not crazy i have psychosis vixen.png,Vixen,"I'm not crazy, I have psychosis","a dizzy-faced emoji with spiral eyes and its tongue sticking out, circled and crossed out with a red line, a green arrow pointing from the crossed-out emoji to a cute, yellow anthropomorphic creature with fluffy ears and a happy expression. The creature is holding a pink heart with the symbol of a rainbow person inside with a spiral above their head"
im not crazy im schizophrenic vixen.png,Vixen,"I'm not crazy, I'm schizophrenic","a dizzy-faced emoji with spiral eyes and its tongue sticking out, circled and crossed out with a red line, a green arrow pointing from the crossed-out emoji to a cute, yellow anthropomorphic creature with fluffy ears and a happy expression. The creature is holding a pink heart with a rainbow schizophrenia symbol on the inside"
i don't want a cure.png,M,"I don't want a ""cure""",A red figure with arms crossed over their shoulders in an 'X'. to the right of them are two crossed bandaids or plasters with green sparkles around them
i will use my AAC whether you like it or not.png,Ottertime,i will use my AAC whether you like it or not,"on the left is a yellow hand touching a blue aac tablet, with a speech bubble and pink exclamation mark coming out of the aac tablet. On the right is a white thumbs up above a white thumbs down. Between the two is a orange-green gradient arrow splitting into two and pointing from the left to the right."
my aac will not change for your comfort sparrow.png,Rory,my AAC will not change for your comfort,A frowning person next to a green AAC device with two crossed out connected arrows above it
intelligent doesn't equal good.png,M,intelligent doesn't equal good,A brain above a 'does not equal' sign above a green check mark.
i need to have a water bottle with me because of my disability.png,Plum,I need to have a water bottle with me because of my disability,"Simple yellow person standing holding a light blue water bottle. An exclamation point and the disabled sun symbol are next to them, with an arrow pointing from the disabled sun to the water bottle in their hands."
my disability is not funny ot.png,Ottertime,my disability is not funny,"on the top left corner is the disability sun with the colors of the disability flag. On the bottom right corner is a laughing yellow face with orange lines for emphasis. Between the two is a arrow with a red X on top, pointing towards  the laughing face."
i'm not comfortable with ocd jokes.png,Petri,I'm not comfortable with OCD jokes,"a drawing of a plain yellow person looking uncomfortable, with their shoulders raised, their mouth in a squiggly line, and a sweat droplet on their head. next to them is a pink square containing the OCD hourglass symbol and a laughing face with a green arrow pointing to it."
i need my glasses ottertime.png,OtterTime,I need my glasses,a pair of grey glasses surrounded by five yellow diamonds/rhombus
not hand over hand 2.png,M,not hand over hand,a hand with a lighter hand over it. there's a big red 'X' with a white outline over the image.
I'm on the verge of a meltdown.png,Vixen,I'm on the verge of a meltdown,"a curve that transitions in color from green on the left to yellow, orange, and finally red to black on the right. The line peaks at the red section, where a red exclamation mark is, After this peak, the line sharply drops down to zigzags erratically. it has a red arrow pointing at the peak."
I need to bring snacks because of my disability 2.png,Plum,I need to bring snacks because of my disability,"A drawing of a backpack with one pocket open to show that it is filled with various snacks. Next to it is a spiky speech balloon with an exclamation point and the disability/handicap symbol that is a blue pictogram of a wheelchair user. The disability sun symbol is a big outer ring with a smaller dot inside, all colored to match the disability pride flag with grey, red, yellow, blue, and green. the backpack is teal, yellow, and purple with an argyle pattern, and a yellow star keychain dangles off the zipper."
/Self-Advocacy/never tell me to use my words.png,M,never tell me to use my words,A big red x over a speech bubble with a speech bubble inside it
going to have meltdown rc.png,Bear,I'm going to have a meltdown,"A distressed white and purple person flapping their hands. Next to them is a green-yellow-red gradient arrow pointing downwards, with yellow sparks and zig tags around the point of the arrow"
I need to keep my backpack with me because of my disability 2.png,Plum,I need to keep my backpack with me because of my disability,"A drawing of a teal and blue backpack and a spiky speech bubble containing a ref exclamation point and the disabled sun symbol. The disabled sun symbol is a large ring with a small dot inside, and it has been colored to match the disability pride flag with diagonal red, yellow, white, blue, and green stripes over a dark grey field."
nothing about us without us 1.png,Eldritch-Emojis,nothing about us without us,"multicolored symbols of different disabilities in one white circle, and multicolored dots outside another, smaller white circle."
I need to bring snacks because of my disability 1.png,Plum,I need to bring snacks because of my disability,"A drawing of a backpack with one pocket open to show that it is filled with various snacks. Next to it is a spiky speech balloon with an exclamation point and the disability sun symbol. The disability sun symbol is a big outer ring with a smaller dot inside, all colored to match the disability pride flag with grey, red, yellow, blue, and green. the backpack is teal, yellow, and purple with an argyle pattern, and a yellow star keychain dangles off the zipper."
loud hands m.png,M,loud hands,two flapping yellow hands in front of and framing a big red exclamation mark
people with schizophrenia aren't evil.png,Vixen,people with schizophrenia aren't evil,a yellow cat-like figure with the schizospec symbol in rainbow. on its face it has red horns and is holding a pitchfork it's sitting in a white circle with a red outline with a slash through it.
I need to keep my backpack with me because of my disability 3.png,Plum,I need to keep my backpack with me because of my disability,A drawing of a grey backpack and a spiky speech bubble containing a red exclamation point and the disability/handicap symbol consisting of a blue pictogram of a wheelchair user.
my aac is an extension of my body m.png,M,my AAC is an extension of my body,"a yellow figure and a yellow rectangle with purple borders and a whtie speech bubble, representing AAC. a purple arrow points from the AAC to the figure, and another one points from the figure to the AAC."
stop saying restarted.png,Esrah,stop saying restarted,a red octagon stop sign with a speech bubble on it. Inside the speech bubble is a green arrow circling back on itself to a 'start' button. The symbol has quotes around it to show it's standing in for another word.
i need to have my water bottle with me because of my disability plum 2.png,Plum,I need to have my water bottle with me because of my disability,"A drawing of a simplified yellow human holding a reusable plastic water bottle with two hands. Next to them is the disability sun symbol, which is a small circle inside a bigger ring, colored like the disability pride flag, followed by a red exclamation point. A red arrow goes from these symbols and points at the bottle the person is holding. The person is standing upright and has no facial features other than oblong dot eyes that don’t bear any particular expression. They are bald and don’t wear any clothing. Their hands are more akin to paws."
my disability does define me m.png,"M, adapted from Plum",my disability does define me,"a blue figure with the disability sun symbol on their chest, frowning and pointing to a disability sun symbol, which is on a dark rectangle to the left of them. both disability sun symbols are colord with the disability pride flag. a green arrow points from the rectangle to the blue figure."
nonverbal is not temporary r.png,Gleepglorpian,nonverbal is not temporary,red text that says 'nonverbal IS NOT temporary!!'
i need to have my water bottle with me in the heat because of my disability plum.png,Plum,I need to have my water bottle with me in the heat because of my disability,"A drawing of a simplified yellow human holding a reusable plastic water bottle with two hands. A stylized depiction of the sun is in the top left corner of the image. To the person’s right is the disability sun symbol, which is a small circle inside a bigger ring, colored like the disability pride flag, followed by a red exclamation point. A red arrow goes from these symbols and points at the bottle the person is holding. The person is standing upright and has no facial features other than oblong dot eyes that don’t bear any particular expression. They are bald and don’t wear any clothing. Their hands are more akin to paws."
my disability is not funny leo.png,Vincent,my disability is not funny,the blue disability symbol is on the left. in the middle is a red crossed out equal sign. on the right is a yellow person laughing
nonverbal is a permanant state rae.png,Rae,nonverbal is a permanent state,a yellow smiley face with an X over their mouth and a speech bubble with an ellipses in it. There’s a red infinity sign next to them.
intrusive thoughts are not desires chrome.png,cytochrome-sea,intrusive thoughts are not desires,a red arrow points from a sad grey thinking bubble has fiery arrows pointing into it to a pink heart w two red exclamation points coming off it and a rainbow arrow pointing back to the heart. there is a red x next to it
not sunglasses m.png,M,my glasses aren't sunglasses,a crossed-out arrow goes from a sun to a pair of somewhat tinted glasses.
nothing about us without us vixen.png,Vixen,nothing about us without us,"a stylized wheelchair symbol with an anthro wolf style, coloured with a textured gradient of the disability flag, accompanied by the phrase 'NOTHING ABOUT US WITHOUT US' in an arch around it in grey."
my aac is not a toy vixen.png,Vixen,my AAC is not a toy,"In the top left corner is a black AAC device, in the bottom right corner is a colorful stacking toy with a red circle with a line thru it on top, there is two arrows pointing from the AAC to the 'no toy' drawing."
narcissist doesn't equal abuser.png,Ani,narcissist doesn't equal abuser,"a large figure colored with the NPD pride colors, a not equals sign, and a small purple figure with a spiky red shape in a speech bubble"
pds are nd ottertime.png,Ottertime,personality disorders are neurodivergent,on the left is a rainbow lightbulb design with lines extenuating and two small leaves with a stem inside. On the right is the rainbow infinity symbol. Between the two is a green arrow pointing to the infinity symbol
my brain is apart of my body.png,Vinter,my brain is part of my body,"a yellow simplified full body character. inside their head is a red outline. a red arrow points from the head to a red circle outside the body, containing a simplified brain."
narcissists aren't monsters ot.png,Ottertime,narcissists aren't monsters,"on the left corner is a off white person with lavender cheeks with a yellow narcissus flower on their chest. On the right corner is a black furry creature with horns, claws, and three eyes. Between the two is a gray arrow pointing to the creature and on that arrow is a red X"
respect all disabled people ot.png,Ottertime,respect all disabled people,"a purple-pink gradient arrow pointing from a circle with a blue and lavender handshake to the disability sun with the colors of the disability flag. On the bottom right corner of the disability sun is a magenta infinity symbol, meaning all."
my disability doesn't make me a burden.png,M & Neon,my disability doesn't make me a burden,"a figure in the stripes of the disability pride flag with an arrow pointing to them, two red 'x's, and a blue figure strugglng to carry a heavy red weight."
npd doesn't make people evil ottertime.png,Ottertime,NPD doesn't make people evil,"the narcissus flower in the colors of the npd flag with red devil horns on top of it. Over that is a black X, showing it is wrong."
service dogs don't need ids ot.png,Ottertime,service dogs don't need IDs or registration papers,on one corner is a red id card with a paw where the middle pawpad is adisability sun on top of a paper with black squiggly lines representing words. On the other corner is a brown service dog wearing a red collar and a  red vest with the same paw-disability sun combination shape laying down. Between the two is a gray arrow pointing to the dog with a red X on top of the arrow
my other disability is a bad attitude m.png,M,my other disability is a bad attitude,"a frowning, stern yellow person flipping the viewer off, a plus sign coloured with the disability pride flag beside them. their hand has a red surround, and three red emphasis lines come from it."
not hand over hand 1.png,M,not hand over hand,a hand with a lighter hand over it. there's a big red 'X' with a black outline over the image.
sane people aren't better than psychotic people.png,Esrah,sane people aren't better than psychotic people,"A multicolored blob on a lower pedestal and a purple blob on a higher pedestal. The red blob is outlined in bronze, and the purple blob is outlined in yellow with sparkles around it. A red line crosses out the entire thing."
my speech disability isn't why i'm here m.png,M,my speech disability isn't why I'm here,"a speech bubble in front of a disability pride flag, with a crossed-out arrow pointing to a location marker."
nothing about us without us.png,Eldritch-Emojis,nothing about us without us,black symbols of different disabilities with the words 'nothing about us without us' in red.
schizophrenic is not crazy.png,Vixen,Schizophrenic does not equal crazy,"a yellow cat-like with the schizospec symbol in rainbow on its face on the left, and a straitjacket on the right, separated by a red unequals symbol, indicating that they are not the same"
nothing about us 2.png,Eldritch-Emojis,nothing about us without us,"multicolored symbols of different disabilities in one transparent circle, and multicolored dots outside another, smaller transparent circle."
presume competence 2.png,M,presume competence,"a figure with a slight smile thinking about another person, who has their hands on their hips and is wearing a cape. the person being thought about is green and has a gold cape."
sober people aren't better than addicts.png,Esrah,sober people aren't better than addicts,"A red blob on a lower pedestal and a purple blob on a higher pedestal. The red blob is outlined in bronze, with the outline pointing to a bottle, pill, and cigarette. The purple blob is outlined in yellow with sparkles around it. A red line crosses out the entire thing."
no you can't hear my mouthvoice ot.png,Ottertime,"no, you can't hear my mouth voice",an angry yellow person crossing their arms. In the top right corner is a yellow face with a speech bubble next to them. In that speech bubble is a blue circle. Next to the yellow face is a white and teal ear. Above all the things in the top right corner is a red X.
nonverbal is not temporary g.png,Gleepglorpian,nonverbal is not temporary,green text that says 'nonverbal IS NOT temporary!!'
stop calling things autistic rae.png,Rae,stop calling things autistic,a simply drawn person with angry eyes gestures at their fallen ice cream cone while calling it “autistic” (shown by a speech bubble with a rainbow infinity sign). A traffic light is shown with an arrow from it to the speech bubble. The red light on the traffic light is brighter than the yellow or green.
presume competence 1.png,M,presume competence,"a figure with a slight smile thinking about another person, who has their hands on their hips and is wearing a cape. the person being thought about is emoji yellow and has a green cape."
service dogs can't sit in carts ot.png,Ottertime,service dogs cannot sit in shopping carts,"a blue shopping cart with blue inner wheels and a translucent grey basket area. Inside the shopping cart is a dark grey dog wearing a red service dog vest and collar. Near the shopping cart is a red X, showing that this is wrong"
stop calling things the r slur rae.png,Rae,stop calling things the r slur,a simply drawn person with angry eyes gestures at their fallen ice cream cone while calling it a slur (shown by a speech bubble with an R and five X’s.). A traffic light is shown with an arrow from it to the speech bubble. The red light on the traffic light is brighter than the yellow or green
psychotic does not mean evil plum.png,Plum,‘psychotic’ does not mean ‘evil’,"The “psywiggle” symbol, which is an arrow pointing left and right with a wave in the middle, colored purple inside a speech bubble. Below is a “is not equal to” sign and a cartoony emoji person with red “devil” horns, angry eyebrows, and a toothy smile."
stop saying delulu.png,Esrah,stop saying delulu,a red octagon stop sign with a speech bubble on it. Inside the speech bubble is a colorful blob with pink flowers around it.
stop saying acoustic.png,Esrah,stop saying acoustic,a red octagon stop sign with a speech bubble on it. Inside the speech bubble is an acoustic guitar. The symbol has quotes around it to show it's standing in for another word.
nonverbal is not temporary b.png,Gleepglorpian,nonverbal is not temporary,blue text that says 'nonverbal IS NOT temporary!!'
talk to me.png,M,talk to me (not my support person),a blue figure in a powerchair with an orange blanket. a red arrow from a speech bubble points to them.
stop saying you have a touch of the tism.png,Vixen,stop saying you have a touch of the tism,"a yellow figure is on the left laughing, it has a speech bubble on the right with the text “I have a touch of the tism lol ” on top of the whole image is a red line to show “not” or “no”"
nonverbal is not temporary y.png,Gleepglorpian,nonverbal is not temporary,yellow text that says 'nonverbal IS NOT temporary!!'
that's ableist meabh.png,Méabh,that's ableist,"A drawing of a orange-yellow person with big blue eyes slightly hunched over looking angry. Next to them is a blue speech bubble. inside the speech bubble there are two red exclamation marks and a spiky red star, underneath that theres a tiny arrow pointing at the disability pride flag."
that's not what tics are tonto.png,Tonto,that's not what tics are,"a speech bubble with a yellow guy ticking in it , under them there are 2 brown lines . In low right corner , on top of the speech bubble , there is a  “no”  red sign ."
Internalised_ableism_1.png,Petri,internalised ableism,A drawing of an emoji yellow person with a green disability symbol on their head. They are thinking a thought bubble which contains the disability symbol with a large red X over it.
Internalised_ableism_2.png,Petri,internalised ableism,A drawing of an emoji yellow person with a green disability sun symnbol on their head. They are thinking a thought bubble which contains the disability sun symbol with a large red X over it.
using aac is not inferior to using mouthspeech.png,Ottertime,using AAC is not inferior to using mouthspeech,sports podium with two tiers. The lower tier has an AAC tablet with shapes coming out of it representing words. The higher tier has a yellow person talking with sparkles around them. Both the person and the AAC tablet have a red square and blue circle inside speech bubbles next to them. There’s a red No sign (a circle with a line through it) around the whole image
proud schizophrenic vixen.png,Vixen,proud schizophrenic,"a yellow cat-like with the schizospec symbol in rainbow on its face, they have sparkles next to them on the right and a pink heart on their chest"
yes i'm actually disabled.png,Vixen,Yes I'm actually disabled,"A simple yellow animal-like creature holding a cane looking to the left looking annoyed. on the left there is a large, pink spiky speech bubble with a question mark and a disability flag coloured circle inside. next to the creature's face there is a red squiggle."
nonverbal isnt temporary.png,Ottertime,nonverbal is not temporary,"gray arrow with a red X on top pointing to a white clock with a cyan curved line on top and around a third of the clock. The ends of the line have perpendicular lines, like walls. The arrow is coming from a yellow person whose speech bubble is crossed off."
proud to be disabled alena semi.png,Alena Semi,proud to be disabled,A happy girl with an open mouth is holding a disability pride flag.
